news_source,news_title,news_link,news_publish_date
CNC3 Television,Passport alarmImmigration officials warn that current stock of official T&T travel documents is running dangerously low; may soon be issued only in emergency cases,https://www.cnc3.co.tt/passport-alarmimmigration-officials-warn-that-current-stock-of-official-tt-travel-documents-is-running-dangerously-low-may-soon-be-issued-only-in-emergency-cases/?utm_source=rss&utm_medium=rss&utm_campaign=passport-alarmimmigration-officials-warn-that-current-stock-of-official-tt-travel-documents-is-running-dangerously-low-may-soon-be-issued-only-in-emergency-cases,"Tue, 07 Jul 2026 04:41:38 +0000"
CNC3 Television,Gonzales: PNM exec to contact stalwart Ford on concerns,https://www.cnc3.co.tt/gonzales-pnm-exec-to-contact-stalwart-ford-on-concerns/?utm_source=rss&utm_medium=rss&utm_campaign=gonzales-pnm-exec-to-contact-stalwart-ford-on-concerns,"Tue, 07 Jul 2026 04:41:36 +0000"
CNC3 Television,Justice Minister denies relative holds diplomatic passport,https://www.cnc3.co.tt/justice-minister-denies-relative-holds-diplomatic-passport/?utm_source=rss&utm_medium=rss&utm_campaign=justice-minister-denies-relative-holds-diplomatic-passport,"Tue, 07 Jul 2026 04:41:34 +0000"
CNC3 Television,Moonilal: 92 acts of sabotage in oil sector since October,https://www.cnc3.co.tt/moonilal-92-acts-of-sabotage-in-oil-sector-since-october/?utm_source=rss&utm_medium=rss&utm_campaign=moonilal-92-acts-of-sabotage-in-oil-sector-since-october,"Tue, 07 Jul 2026 04:41:33 +0000"
CNC3 Television,Pan Trinbago reaffirms support for Silver Stars pan players,https://www.cnc3.co.tt/pan-trinbago-reaffirms-support-for-silver-stars-pan-players/?utm_source=rss&utm_medium=rss&utm_campaign=pan-trinbago-reaffirms-support-for-silver-stars-pan-players,"Tue, 07 Jul 2026 04:41:31 +0000"
CNC3 Television,"NLCB booth robbed in Whim, Tobago",https://www.cnc3.co.tt/nlcb-booth-robbed-in-whim-tobago/?utm_source=rss&utm_medium=rss&utm_campaign=nlcb-booth-robbed-in-whim-tobago,"Tue, 07 Jul 2026 04:41:30 +0000"
CNC3 Television,British national gunned down in Trincity,https://www.cnc3.co.tt/british-national-gunned-down-in-trincity/?utm_source=rss&utm_medium=rss&utm_campaign=british-national-gunned-down-in-trincity,"Tue, 07 Jul 2026 04:41:29 +0000"
CNC3 Television,Security officer stabbed to death during Princes Town altercation,https://www.cnc3.co.tt/security-officer-stabbed-to-death-during-princes-town-altercation/?utm_source=rss&utm_medium=rss&utm_campaign=security-officer-stabbed-to-death-during-princes-town-altercation,"Tue, 07 Jul 2026 04:41:28 +0000"
CNC3 Television,Delivery driver dies after being run over,https://www.cnc3.co.tt/delivery-driver-dies-after-being-run-over/?utm_source=rss&utm_medium=rss&utm_campaign=delivery-driver-dies-after-being-run-over,"Tue, 07 Jul 2026 04:41:27 +0000"
CNC3 Television,Eco-Heroes inspire students to tackle plastic pollution,https://www.cnc3.co.tt/eco-heroes-inspire-students-to-tackle-plastic-pollution/?utm_source=rss&utm_medium=rss&utm_campaign=eco-heroes-inspire-students-to-tackle-plastic-pollution,"Tue, 07 Jul 2026 04:41:26 +0000"
TTT Live Online,T&T Offers Prosthetic Services And Ferry Support To CARICOM,https://www.ttt.live/tt-offers-prosthetic-services-and-ferry-support-to-caricom/?utm_source=rss&utm_medium=rss&utm_campaign=tt-offers-prosthetic-services-and-ferry-support-to-caricom,"Mon, 06 Jul 2026 20:24:05 +0000"
TTT Live Online,Professor Hamid Ghany Calls On CARICOM To Resolve Internal Issues,https://www.ttt.live/professor-hamid-ghany-calls-on-caricom-to-resolve-internal-issues/?utm_source=rss&utm_medium=rss&utm_campaign=professor-hamid-ghany-calls-on-caricom-to-resolve-internal-issues,"Mon, 06 Jul 2026 23:24:54 +0000"
TTT Live Online,T&T’s Tourism Push: US$1.7 Billion Industry Target Set For 2030,https://www.ttt.live/tts-tourism-push-us1-7-billion-industry-target-set-for-2030/?utm_source=rss&utm_medium=rss&utm_campaign=tts-tourism-push-us1-7-billion-industry-target-set-for-2030,"Mon, 06 Jul 2026 22:27:03 +0000"
TTT Live Online,MIC Institute Of Technology Launches Tourism Training Initiative,https://www.ttt.live/mic-institute-of-technology-launches-tourism-training-initiative/?utm_source=rss&utm_medium=rss&utm_campaign=mic-institute-of-technology-launches-tourism-training-initiative,"Mon, 06 Jul 2026 22:00:52 +0000"
TTT Live Online,TTDF Confirms Ongoing Recruitment Drive Across All Branches,https://www.ttt.live/ttdf-confirms-ongoing-recruitment-drive-across-all-branches/?utm_source=rss&utm_medium=rss&utm_campaign=ttdf-confirms-ongoing-recruitment-drive-across-all-branches,"Mon, 06 Jul 2026 19:46:50 +0000"
TTT Live Online,TTPS Urges Parents And Guardians To Prioritise Child Safety During July/August Vacation,https://www.ttt.live/ttps-urges-parents-and-guardians-to-prioritise-child-safety-during-july-august-vacation/?utm_source=rss&utm_medium=rss&utm_campaign=ttps-urges-parents-and-guardians-to-prioritise-child-safety-during-july-august-vacation,"Mon, 06 Jul 2026 20:58:56 +0000"
TTT Live Online,Suspect Arrested Over Fatal Stabbing In Princes Town,https://www.ttt.live/suspect-arrested-over-fatal-stabbing-in-princes-town/?utm_source=rss&utm_medium=rss&utm_campaign=suspect-arrested-over-fatal-stabbing-in-princes-town,"Mon, 06 Jul 2026 19:12:36 +0000"
TTT Live Online,CARICOM Highlights Growing Regional Movement For Reparations,https://www.ttt.live/caricom-highlights-growing-regional-movement-for-reparations/?utm_source=rss&utm_medium=rss&utm_campaign=caricom-highlights-growing-regional-movement-for-reparations,"Mon, 06 Jul 2026 21:48:33 +0000"
TTT Live Online,Local Vendors Shine At Mango Melee 2026,https://www.ttt.live/local-vendors-shine-at-mango-melee-2026/?utm_source=rss&utm_medium=rss&utm_campaign=local-vendors-shine-at-mango-melee-2026,"Mon, 06 Jul 2026 22:46:26 +0000"
TTT Live Online,From Five Villages To Island-Wide Celebration: The Growth Of Tobago Heritage Festival,https://www.ttt.live/from-five-villages-to-island-wide-celebration-the-growth-of-tobago-heritage-festival/?utm_source=rss&utm_medium=rss&utm_campaign=from-five-villages-to-island-wide-celebration-the-growth-of-tobago-heritage-festival,"Tue, 07 Jul 2026 00:01:12 +0000"
Trinidad Express (via Google),Ghost boat comes ashore in Trinidad - Trinidad Express Newspapers,https://news.google.com/rss/articles/CBMixwFBVV95cUxQdEt1VXNDZjd5SmV0SGt5NWIydVVILWFwZVdqel9MU05ZTWVJZDk3YUszMm1SemJRVFhyRXhDWDlNYkhtY1VsSDZfY1oyVkVkeEtoZjRpdS1ORy0wUlJ0QXNEQ1NTbXpEenFTYmZGSUo5RjE1TTVtMk1SOVNRN1NQV3NiaW91V2xWMEJwM0tDbThwQWxiNlhfbnJib0FxZ3V0RDBQb3VtMjN3UkI5TlZZV1NCOXlWS091TlIydElsb2tyTWxJaC000gHMAUFVX3lxTFAtWWJRTEpxbW50ZWVhRU52UFUzLUFKVUZIUnRfZ3NWVTE1bW5iVDJnbHJEaTNnSGJjdFYwN3lUTVVpemtleFluUzE0a21Gam5nMlhNUmhJV0w2ZThNNlZ2ZDd2UWIweWNzUmEzM2NLMmRXX2oxZVlFZVhCNHhub0pDVVcyU2VpWVR0dVc4cllSVG56a3JtN0JFckoxa0NhVldScGJMVTg1WFczeGlGWi1QVjNDZXE4TXVZcTkzVzI3S0J3QUpjOFhWS0ItYg?oc=5,"Mon, 06 Jul 2026 14:33:21 GMT"
Trinidad Express (via Google),Detention politically driven - Trinidad Express Newspapers,https://news.google.com/rss/articles/CBMiuAFBVV95cUxQOXd5WHdJYlZtbHBvUkttOUhYSVR0RlBOaFh1NGROTldjRGRCRW5DUTA0RVZhNWpxOWVuQ09TNHllMENESFBZbjdpWmJlOUFuV1ZNdEx4cHNvR3MySEVTM2hoOVBPc2F3R1hFRkczNnR3MTlobEc2YzVYa0xKQWt4RUdfVmE2Ny1oRHFmTjdScXRsZ090ZjhnQ1lCTEFlc3ZRVHEyYmxWbW9WVGxSYTVoNkVvMXVRN2lw0gG-AUFVX3lxTE1BTUoxSjUzd21RRGxRUEh5eGFZcTRGSGRMMXEyLVNGSkkyUmtHa0x6enJpd3I3OXg1ekt3d2ZqcUt6OVRfYUEwM0p0ZjdCVDJzUk04cnFSd0hRdXg0VnM4S3ktZWktSWhVQk5sUWs0VmJaX1F4dU5CQ2ZSc3llZkdGaDhCMXNhcGVSUUlrM2V4NTVpMFNManNoR0FuSV9pTW94UXZzb1o4ZkJUaUhGSGJSenlxNUpDQzUxOUkyaUE?oc=5,"Sun, 05 Jul 2026 09:00:00 GMT"
Trinidad Express (via Google),Search for dad becomes mission to help others - Trinidad Express Newspapers,https://news.google.com/rss/articles/CBMizgFBVV95cUxPWnZwRW9JZjlaVWQ5UXkyWW5WQ2QzdWFjaHNMT3lXR2FaRzdlYzM4dnhNaFV6ejlXbUE5N2xoSWx2SnhFcmN3ZUVzRGVoOGo3NEFlR00yRWVHZHA3Rm90YkpmSjNwWFExb01sbFlVNDl2UWFiak0yekNxU3pwX0hHdkQ4ZGVFLVE0cU4xTGdxQkpCMGU3SjRCS2hNcmZzVkFTcDI2bExjUUtpcmE1TjFDdmtEYzVPRkNXWmxSNXk3STVaSjlydXRqMkphZERFQdIB0wFBVV95cUxQU2pDZXhHbkNMTkR0X1VhWWZoalBUdklTZUZrYXFjcDB0UXozNmlSNHY0MEgyUEpvbWc5N3N4ZWhSVV80MDVzS2lxclF0T2szOFJqYjFFbzR4eWtnRVhHTGF1cDhuUlktTHRVVHN2c2NBaVM1SUptNVNMeGYtOG9YZXFSdlZEeFIwaVdXN1hNTHFhcUZKQmR0MHdGWlI0QnRWYUdySlBIaUF2eUdHUndDT2Z0cGNnbkgya0kwVDd0LWxWcTJPbUZhejNMekd6ZGFVOFpB?oc=5,"Mon, 06 Jul 2026 14:09:00 GMT"
Trinidad Express (via Google),Facing economic karma - Trinidad Express Newspapers,https://news.google.com/rss/articles/CBMiugFBVV95cUxPSkd1ZzZyN0FjVFNtdHlZUnlUZTZkZ1lrbEZLVGRwNjV1WVk2RHVyaERqdVRHalZsb3dtVV90U0pfYnNRTEJSdXZEc1piODRfT2lhVk9DN19lWGlTUGVsSGxGSVA3NWJuSWtwWndncDhNVDlpNnBJcDI0Q2NYZUZXaDZUVW4yM2pnRS0xR0VCUWpwWk13ZElncS1oWW1MWWhFMnR1ZGlfTDNfM1MyQ2FuVXZFVk5UM3dXTWfSAb8BQVVfeXFMTldaMHFYOTV4dnQ1S05DWTJyQVV2YnBRSnE2RlBHQ3ZTTVRUcVdVcm1kUWtncFQ5a0RpeXA2Q0QyaWJiTkF4R3hFZDR0VlZ2ZE1kbVdrd1JyMVVYaVBxZVBPZlk1aUMwbjV3NXVoa29nNDA1TC1pdUt6MzhjNjlwRlczSFpEaHRrT3d1RjZOTXpxU1FuMDB2SGNoUG96R2pYb2hOX0xUbkpZZF9QN0l5VGQwdUZMOHR6MjlzQUFwRFU?oc=5,"Sun, 05 Jul 2026 23:52:00 GMT"
Trinidad Express (via Google),A vet on a mission - Trinidad Express Newspapers,https://news.google.com/rss/articles/CBMisAFBVV95cUxNd2hjSFhvQmNCdjM1YTZQVXZaMnQ0c2czYUI0SWlEWEpJZ2JYa3E2cWV3aURfV1UtRG1SQUhQMXFlUU5RS1FMSUFhV29oamJLNTNQYzBySXBzT2JEZlRTU29kb2d6T28tY0NjMy1tZm04NDVUSGZaUDN6U212ZTUzVHJXX0lKc2w3SVVRVy1WTGpaM09mQnJHTGNQaHFRcWJ2d2lTei0xTXMwUFJ4clFCddIBtgFBVV95cUxQazI5MFprQXBVY2U0aDFtNVJTeWZ5aF9PNU82YU9uS05Sb19pd2FZRFR0d2tBT3VlZG92VlY2MEx5ZFRmb1VVempiWm0wZjRKbU9jc0kwdVdmSUVGdlJEVVhEblB0MGhUamdneVExVWJfZmZ4Xy1KY3pabjNHYko5aXZ3WEMtdkVLNGFRMVF4VHVuYlpnaGdraDFNbGlEWmxYNktqYnlSRHpBT2E1a1lvTUlORUVzZw?oc=5,"Mon, 06 Jul 2026 01:25:00 GMT"
Trinidad Express (via Google),"Botched police raid to cost taxpayers $270,000 - Trinidad Express Newspapers",https://news.google.com/rss/articles/CBMizgFBVV95cUxQNllxbjlYakFFZ3FpYktQNHRjaDZjbUhXOHNoNXE2TjVuV3VCSHdKSFRtRjNRdG5VelRScHF2dWpjOV9aZjNJcmtTdk9Fb0pWaENqLThoN25KT0tZLW9Za0R3TndXWjZ0NW1wVlRYbkJXVUpOMDFlQVRTUFh6U3U4NmxUTmlnSUJCY1RMaktsNGNRVjVxNklENE1uNlBDZllMMkJsVUpVOGlfSzdHNjdXVENnSHNEUHRrV3B2ajlqckNTdXY2ekhFbDZEZVluQdIB0wFBVV95cUxNaGMyZ2pmSFhXLXg0WWlTamFROEw5SUxISW5VNzAxaENjcUJmRTNGb1JsR3hENjdqY21WZjFIeHJNd0o0X1E1aDVwUzZta1JGeS1md0ItWkU0TmR6UWdfN3B3OGxCTDRwSklpQXUtZ05iNEhNRFQ1aGtDcXFqelEyTW4tSVdUN19aV2RjVWFXRzF0d0ZObndVZTM4aUh2YV9tNFpJMGRGa1dOSU1LQzl3RGgweDF4NFNyNXg1VnJXWjQwQmxoRldXX1IzbjZIdW5IZ2Rz?oc=5,"Sat, 04 Jul 2026 19:24:00 GMT"
Trinidad Express (via Google),‘Logistical issues’ as PM misses Caricom leaders line-up - Trinidad Express Newspapers,https://news.google.com/rss/articles/CBMi2wFBVV95cUxOcEtNV0g0bE9BRGxCN1NsT0p5WU5hNzBFNXR3Q2szd0ltX3daWEZKVGlhdHRlV1UzOWd5R0hUN015WlVqbklzWEQzNkk4VVFhZV9LdmhZektkem1KblVyTG8xNWhqRXRFam1fNVFvV1N3N2lIMU9NN1p4NE5YSVdiNzFVX2tOR29TWDFiQW9CaE15bXVkMlBwYXNXdHYyQ2tyOTlaM2h5TWxwbm1rcy1nQ2ZnZEszbkZQbTlobFlYeVlPcVFQaTdqSHlmV2o5RDlNNVZMMExzUWtkQUHSAeABQVVfeXFMTzZCVHBZQ0hDVDJWX3B1THVkSkF6WnRDdmxseGVrSnQ4Z241YjB5aElxMDdyTVltOU9CZ01Gel9UX3laaldrQzd4ZE81cGhLaExuZE1XclIwdlVEY0Z3WVJrcEh1cmxDVFJqTzBidDNFcmtMSnRIMzhueGdTQkN4akhFbGVicEpSWDd2Wk1GZXEydHdYdDliYkdMVXB4aTRfUGFvdlhpd01SSzNqZkIwTTJfeGNSTEh2R2M4Y004Q21wRk9aZVNicFJGWXl4aXlkRm12dTFLZmJGOXdNU2FNNVk?oc=5,"Mon, 06 Jul 2026 09:00:00 GMT"
Trinidad Express (via Google),Wrongly suspected for plot against PM - Trinidad Express Newspapers,https://news.google.com/rss/articles/CBMixAFBVV95cUxQaUxhQlgxUUVTWHpTYVpPd3ZydEE5UVVGS2ozWlhQYnpGY2hZcWRtT3Vhb2hfVFp3N3JjWV9uanZBZE1IMGhneUJpLVlHUV9XTG5HODd1amt1M01YUWxuTURCOG1LV2VoR3ZHOFhwZUhzU0c2MFRMTVEzbjl6WFZrTkJUcElqMXVhZ0N4UHFMYVh2WUNEVVR2dXZ5eHh5N25kd1lZTWVJcVg1ajFpQ0VLRDZ0S01aVVlNZi1iWXBuNW45cWZk0gHKAUFVX3lxTFBFV2pDLXA4RjkzOUxfMjlVanRWclM1WGZyOV9hOFhsOTBEWlhtY0JvZG1BMkNQZndtSm1aLVZzRExtbHVQQTBEM0w5QkdaR2FIM1BQTEMtT0JndmcxMnlDVXNVQVBsbERWaGxpa0xrRTBLSmczT0ZxRmZFX1l3SnI0bjhUMUQ1Ti1VX1lkZEdmcUpfRzVOWThWU2NiSmNxTHZfVm16YnZVRUtlU1RmWGt2VE5WODVJRWt2VkhzOVlqRHRtREtMdGxvTXc?oc=5,"Sun, 05 Jul 2026 09:00:00 GMT"
Trinidad Express (via Google),No legal requirement - Trinidad Express Newspapers,https://news.google.com/rss/articles/CBMirgFBVV95cUxQaEhMTU1WTFRSWkZDY2dKSWdUSnJ0SVRLdkdrSDNxRENOZzI2WDZoV2JOalBlZVJjZTRFMGRtRzM2ZldKQUpPMzF1dl9NS0FGcXN3V1gzcFE1b3VuQ1Zjdjg5Z2hXMVhhT2Fndk5mbkl0dkx0NVg4ZG5KTGVsY2U3REwxdWU0SXRESDR6ekRnSzlYVXlmNlE4bUlHamlqN1hYckp5dmJZZXdlR1Bfa0HSAbMBQVVfeXFMTzlhc21ZanN3RmMzN2RSRkdQell2WlJESWNuR2lua0lSOFNuLXN3d19tR1V3SURoVWRKQUxMYTF2VTdvZ0NnYVNSdW9uaEpPVDB6WXJBaUNBeXl6eVVvRVR5UDRCMnd5TTQyazhLREhOS2NjOUpPcVdaMUNtaEhRZG1ZMXVxcTlyQjhOejBxaDRjbEN4cTBQcVBkcGNXdzU3S29SNEtoTTR1dk14eWxYRTJGT3M?oc=5,"Mon, 06 Jul 2026 09:06:02 GMT"
Trinidad Express (via Google),Treated like a coup plotter - Trinidad Express Newspapers,https://news.google.com/rss/articles/CBMitwFBVV95cUxNcHZnVVQzaGVEalZ4QnA4T2k5QVhwRWpVbHM0by1xSktZLUY5UWJxWU5PQk4yY3B1LXRlUmpfMnNxVEFVdlZ6UkhCbVNKb0xEUWhfNXFSLUxvQjhNN2cyaEFWbEF1THl2ZXlxVXMyVXl1N0JDV0dHY29XX1NvYmxBTHBjdlg2YzlUM09QMm9BNFJhWmhwdmVhaEN3S2g2WG9relZ2cnljci04dkQ2UnUyclNLOFRtS1XSAbwBQVVfeXFMUHVmNFRFRzlPRGhVUWF2SVRkWnQzTzQxOC11UDBxbFdISm5wdGtTdDIzSkkzNlhNLXY4di1kSlFlMGRLRHZBRUlvVFVqMmlYQUhYZmxsZDFjS1ltRFlHZkQ4dklXLXF1VWtTNkd2SDEwMEpNem15OU42bGN3cGdaeEQybjZ3dW0yNFBQYlFuUDFSdXZKZ1EwNlVrbk13TVYtb1pMZllWM05hQnk5b2hHZV9qTlJqMGtVRTljTjM?oc=5,"Sun, 05 Jul 2026 09:00:00 GMT"
Trinidad Express (via Google),MY HEART STILL HURTS - Trinidad Express Newspapers,https://news.google.com/rss/articles/CBMirgFBVV95cUxNMWVDRUM0RjlyTFV1X0hrMTZNQzk5RTJObWxUSF96NkZSRTk1OE9IcXhfYzdsOHFsSzRQQk1FMjNJenFHamF4N2t1T2hfVkdEREZGLXVXc0tZc3FLOE9NR0J0d1NjcDVCZUI1UkJFOFhtUWl4TjdNa29KZGRYUTR6TmpDSUVfdmtrYnczbzNrQTZzYnhHTlNZN1VKZWd3M3VadGxqelp6S1Z0dXNucUHSAbMBQVVfeXFMTWxIa1dZSmV5ZWptWnVBOXpnUUFERzVuSTlNNFByemNma2trMHpMTFFfb3FSYkgzUkdpLU5pbEgtY05uS0tEV1Z6RHRtcjdVZ1BoOXV0VUJ6b25HeXBPM2JRcUV1X3dyR1NFclpTeWF2endWbGJ0aHMyeGJobTlqUzZVMW1kYXVVZTRFY0I4WWktQVpvRHAtMjZHOEY3S3dMYThqT1ZhMHBDNGhBVl85MmZYeXM?oc=5,"Sun, 05 Jul 2026 09:00:00 GMT"
Trinidad Express (via Google),Nestle assures Govt on jobs - Trinidad Express Newspapers,https://news.google.com/rss/articles/CBMivAFBVV95cUxPVEM0MjZqRmtidVRhWUdoSmRDWHg2dVhDTkF1VkVfVGJuaUFLMk5yWkV5XzJURFh5dXVJQjFTRlc1SGVMbDRIeXZoQXdSNjJHUEhoVjgydkZibDBONzhFSEFDaWVpUzY4N3ZfbTU1MXAxN2R4LUhHb1c2N0s4aF9kbkpEd0NUa0QwU19hWk53VDBWVkFoVjJVVFlhTW91a24tWjhVblVPS09IRTYwSF8xM0Y1RWwzeW5KYVVZZdIBwgFBVV95cUxOLWhVNXpDUDkwZnc5aHVlZDMtdVVxaGhhTlJpMU9XNmltZ0ZJU0oxeExEdVFKb1RrdVlEWUtLZFYyeTE5bWZFc2JXU0tzUi1qSFlWSWRfSENDcTBvYVJ2YTVXUnpTZ0VPWXVDTkxCOVFWWC1CV3pRLWh0YWNCSlNnS1pBYXMwbVZUemtkN1FMZ2FRaHVEUDhrX29adkloUWJEX3VrbFdZUEFTV05DUm1iUUNCd1lmNkVxVndQRkNNbDZsZw?oc=5,"Sat, 04 Jul 2026 01:23:00 GMT"
Trinidad Express (via Google),UWI confirms Venezuela quakes caused Cedros coastline rise - Trinidad Express Newspapers,https://news.google.com/rss/articles/CBMi4AFBVV95cUxQYVpsZkJvTngwXzFnWGZ4akNlaEFYY1BIYjJJVnl2Rm9aZHpXQ043Tm1ZSlE0REU5QVFPamhJRGM3bG03RHU2U01LalVPa0VFb0lGczUwS2VDdEFJbDFWVVBxN0NMenNKNjNvQ09ZQlE2Z0Q0N1Jxa19aWURoZDhXUmdGeEpxSGk5VjhvOWRkcDJkLUZyVFhjeG5IQkJZeUZmQ0ItWEZ2a0N4RllrY3hfdmc5by1ETzE1NWg5RzVxek55OThvbEI3SWdPOGowZjdUQnNKcFoyTS1rRTlkQ3J6ZNIB5gFBVV95cUxPV3Boa0t4VmFJY1gxSXV2d3hIT3R2WUYxcXQ1VTRPWGkzc0pNRW0talNNY3ZmYUJ1aTdfYWNhSjd4N0N4aUQ0Qk1OUXdodkdlc0FuQ1ZBVWNhSkJrc3BhcFBkOG9jYVFsMTl1QzNRR1pNekdnaEVINFZKN0lPTnhmS005VXFVbWdNc0dMa2JSbWxpZmR5LUVJMTROSlBvek9KNEk3elJZNWctem53ZFBoeDNpS1B1TzVfcVdwZ2VWaWZzZ2UzYVMxZEhYRlJBcjlGSExRTVZoOTRqOFFOeGV6NlR0eWluZw?oc=5,"Thu, 02 Jul 2026 14:22:13 GMT"
Trinidad Express (via Google),Penny: One exam does not determine your future - Trinidad Express Newspapers,https://news.google.com/rss/articles/CBMizwFBVV95cUxQZHRDM1FKa0RhSjVENzFjcWlVblBtcHRLcDBSdmd2Wk9yZzd3Q3NRR2xueVpaNGpCTEg3YWk2R0s2aHdPT1VtUVNPSXRvVUVvcTFoNjdmY3g2blQ0c081X3p0SG56bnR2X1lfSnNKWUgtTE9vX0NzMFVBRFY3TktMbXNWaFpsd3Q4WlVOcVd1V1hud3pZUEljTTZoRkhLUmJicTFJaUhQUGxFbGtwRmJRWEZGSUZpZUpuSkZrVFJ5LTFkcTJHRDhiaGtlbXRka3PSAdQBQVVfeXFMTTd1Q2RhZXMyR09FeS1DRjI0V1plVGtzeXktb3huVldJM20wc2NLYXhlNTd4b0V0dXpheDQtVUJYMTVqNUkyVm95ZUxJZjN3enAxU1pjazdJd1NSODVBR0VnRjRoVUc3UVhKTTlyTXlkSDZULS1uUzcwZXZJZktCMzJaS1BURXA3T2QyQmJnM2I2SlhlSkxQV05FYkhnc3FzSmFpdlZjbS1EeGstc2VHdHF5MlZmZm1UZ2YyTVZPYk5XMlg5UE9pZl9XWVpWb25xRVBjV0U?oc=5,"Fri, 03 Jul 2026 09:00:00 GMT"
Trinidad Express (via Google),Earthquake disaster ‘heartbreaking’ - Trinidad Express Newspapers,https://news.google.com/rss/articles/CBMivwFBVV95cUxPd0l1VW9vcWNyRlc3Wms1dTloQzdXMmNralRhUWhzc3NYTURiSVZjanRRQnJsb2xBTFBtSnRrN2hhNkEtSGFiQzVSdFIyQkJOc3U0dmk3bnEtTkh4c3UxdlpyY0dkYm5HVTRfWjhpblotYWJxNEs4T0ZvNmpuaGJ0TWgyRkFSaHJ5UTNhRUdmaUMtT25QYUltMWVKbzV3WkFYa3dYME85VFFORDUzY3FfT1RPY0llblBiMmRhRGRzY9IBxAFBVV95cUxOSk40d0NkZ280UTNqeUdMLTV6SDJzNFZTYVhZR2UxQUloN0lPcVJGbndSMDlPbms5S2h5OTJBbWR6RE5LMGQ5UlhMTE1CUWQxdFZ2RGJHQmk5VV9TZTRMc1FKRTZuQUR1ZFVFNjRuVnRuQ3ZpczZqcTlFNEtwQmdXVlRXMVNYV1FZNDF3VkZaX0pvendYdXRmVVV0VnBLc1IyalRVNFZaM3g1dUhWU2RWRzBzSC1KNzhYZjRTYkY3RENLcHdn?oc=5,"Fri, 03 Jul 2026 09:00:00 GMT"
Trinidad Express (via Google),Birchwood condemns MiLAT suspension - Trinidad Express Newspapers,https://news.google.com/rss/articles/CBMiwgFBVV95cUxPemtZR0JTMUdCR0tKeXRNbkRfWUxXYVhIMWFNZG5xWkotS3FKQ0NRUk95YVl1bG9nbVQxSHFVM3RsYk1Vd1RfczBkd290aWJRM3BOMy05YjBoUFRKZE1ZVE1ld015NDhBZ0o4alBNd1VkdFY5RUhYYWNLbmtlN0k3SkNFRTlhMU9FMFRKT2Q3X0Y5ekRaejBCSzZwNGlYRVZLUkl5MEJ6NGEwWmhHTEgyeW9CN0V4YWZERmtHVWZOTnhjUdIBxwFBVV95cUxNZ29EQUNRM1ZQMW5PMlRNXzlhLVA5cU5xRUNkU2V6ckctZy0tSlBjMXYxYmVlQ1dUQ3dhNVBscUhIeHE0U2JHN0RHNkE2V2RsUDBKVGU3TjI3OGRZUGZZZ005QmVySkhvRzdtS1RSWmd4MlJVYXhCME1Jc0JCLTAyZXhZNkdvS3VZd2JwemdtbUZfc2gyTHVXbWlGZFMwM2RuaC1LNHl6aGc3aHZZMENERFRXSG5DR01vRmdRVGdJUFJBM0l6N2pZ?oc=5,"Fri, 03 Jul 2026 09:00:00 GMT"
Trinidad Express (via Google),US $2 million in crocus bag seized at Piarco - Trinidad Express Newspapers,https://news.google.com/rss/articles/CBMiywFBVV95cUxPeG9NamtBMGt6eElJMmNpb3dsSVBRMXF6LWZxc09xZ3VLeUpkTXhDWEVTcEVxYURUdDFsdjNnbUwxa2N4RUVJNXIyY09DcDNYQ0VkeV9ueVV6SlRZZXN1Njl6d05XdFpHZ18tQkpOUmp3YU5LeWN0MXZuajU0M1phWkRTM0syZ2tFSDgwX21OeE4tLUVtSF9iY3NWZFZweE1WbEx4N3p3X3ZfTS1QQnA4OWdxM3ZNNFVfZWVXQ1BYZG45b3h2OTRoTDRVRdIB0AFBVV95cUxOTTU0ZkZ1Qk5od2FTQkhqaTFWb1pXMjZUX2Jtb2VlV3p4TE9pR0JIU1RsTGhUZHA5c25GQklUY21adHdTd2FLX0tZSUp0bHo4alRWRVBKNmZuWVdicHRKVjktUWNfZ1hpQnRpZGNaVGRqS3p4SWt6Z2lSaG5QTWM4alFqQThYbkZTQ0tNanNZLWIyT21La05JQ0stR3NPR3BQQ0FfRXpmM0k2VnJUVndzQ3VNdURRQ2lXcUNPTzhIRnYtLVJ2aTRJcGJkX1JMbEFN?oc=5,"Fri, 03 Jul 2026 00:14:00 GMT"
Trinidad Express (via Google),NIBTT owes $50m to vendor for Empower tech upgrade - Trinidad Express Newspapers,https://news.google.com/rss/articles/CBMi1AFBVV95cUxNQVROaWRTWkFsUUhoMkFyUUQtOTVMYktCbVZLQ19pOWRBR2N6Wkt6eVpQbEtVVEowM3FlUmk3cHlGZU9nbndEZXlsQ2pWUWNkUmhiT1ZobjdFN0RJV2c4N3hoVWg1bm9SNGlDTVlOUUlMU18tNHkwRzVGTVg4NThRaDJCVGFVZk5uak9VeHFtSDZaRDhUYVI2ODVoZlNXVHd2dnBmaHZsd1hGWTRwS0h5amxiSTAtQ2taeW9VM1RXdEREUVlUdjZ3bHluMldkM3NidGFuV9IB2gFBVV95cUxOa2syYzhmNVFqVTY3TGIwYTl2V2tuQmNsSWVZamhudUduT21TLVZTRld4WFlPY05WVWJFUzVtdUpCVmxleTRfcnpCVmszWHJaTFUxZXhsUXk3bGJrQ1BmWlVlSldvakhDMHFuUEYxUFh2YWdMQTFNRl82UjR0cG4zcHVzSThyMUExOGNxaEJhcnNVZGxWWE1CQWpEN2ZOMHZxUGN3cm14clRELWxVS1VIVE5ORXpRZm9BdGxPOFlzNUMxQ19IQmpkM204MjFLeTgxbHBUZDAtSVVFdw?oc=5,"Mon, 06 Jul 2026 09:00:00 GMT"
Trinidad Express (via Google),‘TRAUMATISED’ - Trinidad Express Newspapers,https://news.google.com/rss/articles/CBMiogFBVV95cUxOOXFFUkZuaUF0WUJoVFpqWllieWZDeXRqOVhOaXUyY0NCSVYxNnJuZV9XTC1kWFNRaHFoWWM4OW9FS3AtSEE2clpQWUNvNktlMDk5YUpkNkVTX3pOLU40a3hiX1lUNUxwTUx6aHAxekt5OWd6dVotSUFBVERFdm9xb1libTlOSVBBWjEySHZxcTFnR0Y1NTZSVzZWRWkzODJULUHSAacBQVVfeXFMTndRVVo2SzZkdGpDR1JVSGRFbHVOQTFPZ2FkcWhVOFJ5QXRzMHF0emZXWHItV0FfZUhhY1BENGNBU3dtRDR0UVNZbUlNdmVfTmFXdWN5d1FPLUFsdzN0ZlNabzhwWUxpelBvOGtrY0lXVnJOYkhndDF3SDlGa1p6RjZOZHlSUTNPbFZxaVFtWUYtVHJURlJpUnQ3S3VkX09DNWdJUFRLMUE?oc=5,"Thu, 02 Jul 2026 09:00:00 GMT"
Trinidad Express (via Google),"FIFA folly, football fandom - Trinidad Express Newspapers",https://news.google.com/rss/articles/CBMisAFBVV95cUxNS1ZBX1l2U3hLVmdqSzRGamJrZUY5cDdNeVNidjg5YnpYZXQtWnlVRnppV0R2ZnRJUkNURWxsdm9qdmttUlFpT2h6cEFQRlhiRFJsMHZSTWkzU2tnaHZvbS1hVmdBbnJ4Y2w1cE1USkFaWWR4QWNRYzhCMGZILWRTNVl6cXp6SjdpYV9RY2JlRkhnRlFaSDIzTlVmUXIxSWEwQjd6RFNaS25LU1ZTNzFEUtIBtgFBVV95cUxOM1RIVWxLUnZseVZDcERESWRPVkZKWU1MYmR0WnZheVJpUVFNRnJtVjdweFJrOF9sNm5tajR5NktOS0VVdXN4VXVFd3RMZ2tFbklpSERHSXlqU1BfTWc4SHNfc3dWdENIRG5YbnF5ZlR5aUhacDFOazJWdW9rdkpjemRFMF9lQmlsUXBScHNxR1Bkdm95UDh3TEdOZDQ5X3JGcjdwaUFYeHUxNFJ4dHJtdnBCcURMUQ?oc=5,"Mon, 06 Jul 2026 00:30:25 GMT"
Wired 868,Vaneisa: Glimmers of joy—amidst the gloom - Wired868,https://news.google.com/rss/articles/CBMifkFVX3lxTE90Q2RRMG9CYnduWVZMdmF1SS12SXIzMG5EeUJRZjlOdlF5ZS1OMS1SLWRpaFFBazBwTzc4MHhuQmVfQmc0b1p2aFEzMTZGUXM5a3dxOHo5MGlNNUp2UndMVnJBVG1KMV9SSjZCbGJUbFdBRVBETnBYWlF4SmlZdw?oc=5,"Sun, 05 Jul 2026 18:49:41 GMT"
Wired 868,Dr Teelucksingh: Celebrate SEA success generously; comfort disappointment compassionately—encourage every child equally - Wired868,https://news.google.com/rss/articles/CBMi5AFBVV95cUxOcGtIR1RMdlhlemlRUTFUaklPTUdKQ3BlaDJ2ZTZVeXFfbjMtQ2tPSTFrWWpZYjNCa1p5TktBelBndGpvNkY4WGR5NklxNHJJZkUzN3BOODJhazNsNU0tWWNNbU82dUhBdFRvRmRQeW9sV1I3SzZ5aFE1Mm5seEpLcXFnZUhFR0NQVVNVdmpmbWlic2Zua1lvU2VGSTFTXzhBSWk2a05DdUVaanE0Nm81LWlPa0w4SHpyR3JVWXRacUE3MmlWaEY2dFNjblVBbWdyZGxLRGxUbnlocHVoRjNPTHI4VEo?oc=5,"Fri, 03 Jul 2026 15:43:10 GMT"
Wired 868,Dear Editor: Why current criminals make me miss the ‘fowl tief’ - Wired868,https://news.google.com/rss/articles/CBMimAFBVV95cUxQRjcxSUgycW5GX18zVENWeGRQVFQ4My1xdEtXYXJnTkRIS3ppNUdnLUd5WGoxME5jOW8tcHVWQ0ZNLWh2X0FsRElTRG5GeUlYN3VHLWlIVUZ4MFpHUXE2SkxvcGpYRW5YTXZrZTVqc2VtbWxDT29MS1A5M0NVWFJYa0MtX3piSXNOX1ZTcXJvZFZXbWE3R1FBSA?oc=5,"Wed, 10 Jun 2026 07:00:00 GMT"
Wired 868,Warner: Mercedez joins T&T’s missing generation—our calypsonians have become prophets - Wired868,https://news.google.com/rss/articles/CBMitAFBVV95cUxPM1UzVUlnZFZjUnFrdXU3MzJkV242c3FsVUFuRkJGSFlaUGV6UHVlQWxIVXQ3VWpDNWFxeEtsREFhSzlRUkM5R2VTX0VUNGtIcmMyWEJTcnh1MGVDV21SLUhDbERkSG1TV1o1bjQ3ZWVyT2h4UjdDMFlkcE1reE1KaWxvM2MwanU5VUtVWmRNTTF3RGlpUHJZU2trNGZrVk1PMTNYTkZYbWgxQ0JJY3pEbmlXb0Q?oc=5,"Mon, 08 Jun 2026 07:00:00 GMT"
Wired 868,Live Wire’s W/C Notes: Fifa suspends suspension of USA star Balogun as Trump trumps VAR - Wired868,https://news.google.com/rss/articles/CBMiugFBVV95cUxONDFoTVF3azExY2czWTdqRExRRXdaZ3h4Yll3TjVDOWFBb09jbTZHdVdZbGloYTlZWWtTR3hOT2Nqc0t2SFVzNnlVUHc5TzhIeWh3bGtqbWpzMjZsdktLdnQwQzdKY1pZYnZNWGVGOUZpTFhjMDZjcDBrSS05LWZCcTIzM3c1cWdLdzNFRzVBZ1pQQUlXQzNEampISFFjRk1ET0V4b0dpN2xSRWhjRVRWQXc0ZWE4b2pmV3c?oc=5,"Sun, 05 Jul 2026 21:14:44 GMT"
Wired 868,Vaneisa: Silence of the daily grind—the invisible mothers - Wired868,https://news.google.com/rss/articles/CBMikwFBVV95cUxQQ090VkFjV0VkaHZ1MGstdVhXdWJMMTEwd2QwRzVTZ0hSWS1uVTd4cGFMclR1SXMyUFFNeEtDOEpWQnRJWEx5N3RNZEhFclpaclhCTEg0d0pHLV9MVm5FWWxfdHdQanh4OHRrbGxtMUxReEk3NGY0THVLZ19wTDAxb1lYWktFazFGRjBVdEI1cTNaVzQ?oc=5,"Tue, 09 Jun 2026 07:00:00 GMT"
Wired 868,Vaneisa: Everywhere is war—are we nearing tipping point yet? - Wired868,https://news.google.com/rss/articles/CBMiakFVX3lxTE84ZmQ0Mk4xdVF2UGNiWklrZkJEaHpYbjZ1SGRORU5FLXNsbV9NaFBkTmcxTUhuZVF6d2dvVHE2SUVJWFJUT21tcE5oMXdNc1QxbnNRa3dJbFVQekFOTHUwSENjWkZjTXpMRlE?oc=5,"Sun, 27 Apr 2025 07:00:00 GMT"
Wired 868,Vaneisa: Build communities by teaching youths “histories of ourselves” - Wired868,https://news.google.com/rss/articles/CBMiogFBVV95cUxPQnZRTEYxR2twbTU1bUJITEFBNS1ILWx6dnRMWmZlZVdMdkpLRnBLTzIxTElIcUJQZ0NuX1FVR1BzcnlMM1Jaa2EzMHpqU2ttejBteXltZ1dTbklrUXZtbVdlalFZNkE3ZGp6VmtxbFk3NVRZUU5Kb2hVZjF0c1NRNXd1dVY3Z0xwR2RtR0ItY1BLTUJ0endsS0I1NkEyVmNiaHc?oc=5,"Sat, 26 Aug 2023 07:00:00 GMT"
Wired 868,"Akins Vidale, Author at Wired868 - Page 3 of 3 - Wired868",https://news.google.com/rss/articles/CBMiXEFVX3lxTE5BZDdOb1MwU2FHejZydm9VQldDZmFiaEt1Q1pYMktfQlBRSDlkaWhhX25iaXZKaDZDZXIzM3RydWNFUHp3WkktU1k1aEhuZzlmcjFuUzNUd2ZJenh4?oc=5,"Sat, 18 Aug 2018 03:40:39 GMT"
Wired 868,Day in the life of - Wired868,https://news.google.com/rss/articles/CBMia0FVX3lxTE9rWDRZWEJ4dkFpemJMaU9WV3dkcXhFeWlFZTBoZXR2blFYbHdJWW1oaHV1Nm51eVBfTkZxRm1WakdmbXVSdVNiOVJ1TEdlZUc3azRPUGN6R0tIMGdtYVA1VWdzdWN6OThWN1JB?oc=5,"Wed, 05 Feb 2025 08:00:00 GMT"
Wired 868,Topper tops: Wired868 selects its 2014/15 Pro League All Star team - Wired868,https://news.google.com/rss/articles/CBMingFBVV95cUxOTjg0b2Ntc1E3QzVmLWtONnJpWDVSMGtlMTQ1M1Y5ZGJxTDhmaExsVFp4YzVBWm11bnN4eGRhS00tdTRfeTdIN1VRS0JyckJ6Ti15N2QyYk9UV3M2M1FpOTZGMndGUEtfRmFoSU1XTG1NRFAzcWtfaEQxdGpKQW92eVdDdU8teU5ibG5yYUVrdUZydnI1SEhnZFFrODhmdw?oc=5,"Sun, 31 May 2015 07:00:00 GMT"
Wired 868,Shabazz explains Soca Warrior selections - Wired868,https://news.google.com/rss/articles/CBMifkFVX3lxTFAzd012elo0ZnVTNlBrenFkZHdQWm8wanhXZ09SLV9BclVJVzRFc3ZFekZmc1N5dVRITm0zSkw1WkhDUXVrYVp1US10V1FuSDR3M2NVNEowMUUtU1QwZDVjRk5wVWZrVktlM0czV2dnTExKOTlDSWZoeWFRU2MyQQ?oc=5,"Wed, 20 Mar 2013 07:00:00 GMT"
Wired 868,Vaneisa: Dancing around our cocoa—T&T must revive sleeping economic giant - Wired868,https://news.google.com/rss/articles/CBMipwFBVV95cUxQY1ZrZUNMXzRyaVRzeG1rQmJEZy02RkJmTzZfQzlQSUoyc1AzTWswbDd1Q01NaW9ETXVYc2VXOTlDNENOU3FRMmwxM001UnZIdllNaE5NM3FkalM5c2llTUstcmhRT0wzcGZyemJQMzE4ZEJta01hMThJcmJ2dWxBcGNDandMenREaVNaaE9SV0NCZTJEUjAycE9sMVN4RXFEaWlOMVZfRQ?oc=5,"Sun, 30 Mar 2025 07:00:00 GMT"
Wired 868,"Noble Philip, Author at Wired868 - Page 15 of 28 - Wired868",https://news.google.com/rss/articles/CBMiXEFVX3lxTE5LRm0xWE03czZOeVhWazRONEZiaXJhSm04QlpBNFZHUlJzYTM2YVdTbVYzUGJ4eXpDVk1sQTdaRjBjRXdfZlhfQk5yckhHV1RvaTh5ZWRfd055UE1T?oc=5,"Tue, 09 Jan 2024 00:06:33 GMT"
Wired 868,Dear Editor: Whatever happened to our cricket commentary standards? - Wired868,https://news.google.com/rss/articles/CBMinwFBVV95cUxNRkllYkp1dHI2U1BiUFRfbHF2cWk4UW5HUm5Dbkp4THFZRzN4TkRCcXltUzVObnRGenVjdVE5VDZEeDNVRWpZQV9VTzlpOGs0U1gzcGZadFktUEFTRXNLRVpLLUpKeDdqVFgxRnVpWFVvX0szRGxGOVBLUXozUFNpeWVlSkpaelJFZ0w2TEwzeVZ3TGtST0hRN1Z5WjhwZDg?oc=5,"Sun, 15 Aug 2021 07:00:00 GMT"
Wired 868,"Dear Editor: My dad, Sheldon Gomes, epitomised grace, humility, and generosity… - Wired868",https://news.google.com/rss/articles/CBMiqgFBVV95cUxOYXBiRDNNQ091eFZlR3RKc2d0MUpyb0FzU1hkWlhGbHY3NVpDSXotcGFrTXFqVnd6cEhTNmdsc2YtdTA5SHZjN29EbGRkdEs1dTVfSVpXWHpfZHdjMmdmejVpd0Nlc3A5YlNZbmgwWFdIRjNSU2xvV2Z6UTFuWDdoSzdDVHFoa3AxNFR4WkpIaE16MUE5eW52MHlkMjliOE1hNGZnaWNFRThUZw?oc=5,"Wed, 07 Oct 2020 07:00:00 GMT"
Wired 868,"Vaneisa: Ghosts of Christmas Past—cheer, chores and counterfeit - Wired868",https://news.google.com/rss/articles/CBMiiAFBVV95cUxOVk42c3d0ajJuYmFrZTBXR3huQkQ5dnFjS3I4cHMxZGtUc3ZLZEJOOThNMlZfVE12MWt1RHFpcGlYejdhSE1oSkExejFRNWM0UXBiU0QtWmJYZHdGVHFlUUJfbnhzWTRJazhlcDhlTFBZcldPZEhvc1RyMG1xazhmNnFqVWswRlBn?oc=5,"Tue, 10 Dec 2024 08:00:00 GMT"
Wired 868,“A gift from God…” Arima North general Ability Hazel talks to Wired868 - Wired868,https://news.google.com/rss/articles/CBMioAFBVV95cUxQNDZpcXBadWtuVmY3MVBGbzhhVG1SakFIeFY1NW8yRndnM2tkczVSb2FvcDZ3TTc2bFZiOFNPNG5jbHVzZ01KX2MxZnRJeHRQbUhzcEJyeXItNGdkR3FaSTR0SnhPNVpnc25xclVpWXdHVzZUVmhFbWRnbXQ5TGM1a1R6RmhLUXM1UnhrZ2NjLXV0aHNLNE1zX0MwelJuYXI4?oc=5,"Sun, 24 Nov 2024 08:00:00 GMT"
Wired 868,Vaneisa: Our favourite things for Christmas - Wired868,https://news.google.com/rss/articles/CBMigAFBVV95cUxNX0s4M2h4ejRzRy1landoUHlneDA0RFhiQnBFQ1hCVGpWQ1JDWnVTUURjdGtqZUcwNVBuYlpDUEFvWWlkRjdzQkd2MFprWVY4MUo3YmVBMTdUOW9rdDg0ODV6MFBtZ0s3OFpXaldmVXJIbjg0YS1INkxiNGF0akhlWg?oc=5,"Sat, 23 Dec 2023 08:00:00 GMT"
Wired 868,Daly Bread: Practiced detachment from the killings - Wired868,https://news.google.com/rss/articles/CBMiiAFBVV95cUxNdlhXSlFtZG5hcU1ZN2hSVURzRFZzQWlXSk9RRFppenRqSkt3MU5WeTZ3UGkwUU5LbDFnNXZIT1ZoWGtwN2pRMGtxc044dnNBaWtGTDhrVVMzUXkxbGpmcXhhcVJndnFnejJIOXlYeFdZNUVfSmpZdUhhTllMWEdyRnd0SG81UGJf?oc=5,"Sun, 24 Mar 2024 07:00:00 GMT"
